date,temperature,festival_active,industrial_activity,water_demand_mld
2022-01-01,30.618101782710436,0,0.8787728811308317,238.26566655606644
2022-01-02,39.260714596148745,0,0.4302465954082984,266.5838219828658
2022-01-03,35.97990912717108,0,0.8213186060615982,263.3542500655693
2022-01-04,33.97987726295555,0,0.9315690609206072,260.19228318988746
2022-01-05,27.34027960663655,0,0.9998827451541333,223.93250950156104
2022-01-06,27.33991780504304,0,0.8096424077721113,216.64907774449745
2022-01-07,25.871254182522993,0,0.9954348368442635,220.48913300507786
2022-01-08,37.992642186624025,0,0.8813815921445741,272.1380788075489
2022-01-09,34.01672517614813,0,0.4741506900674518,236.71603945915518
2022-01-10,35.62108866694068,0,0.9564770968116547,265.5354180530579
2022-01-11,25.308767414437035,0,0.9134032521973335,210.81118033636935
2022-01-12,39.54864778242992,0,0.9476898418502653,281.35415555500776
2022-01-13,37.48663961200633,0,0.9757031122602696,273.42438893584415
2022-01-14,28.185086660174143,0,0.8808280643302067,225.98061661642825
2022-01-15,27.727374508106507,0,0.8654066323126478,224.95491889814457
2022-01-16,27.751067647801506,0,0.43351867711271697,210.83663252555561
2022-01-17,29.563633644393065,0,0.9615691883882518,235.58398859732125
2022-01-18,32.871346474483566,0,0.9524570269553232,248.91524871865244
2022-01-19,31.479175279631736,0,0.9595627297717269,245.40554102918802
2022-01-20,29.368437102970628,0,0.8871166629625866,233.09251712036283
2022-01-21,34.17779342083569,0,0.9635668432350043,253.43626339475267
2022-01-22,27.092407909780626,1,0.8240418110741218,262.0025495923251
2022-01-23,29.382169728028273,0,0.4088978195921699,217.7489698489978
2022-01-24,30.495427649405375,0,0.8011517320996243,236.93101941447983
2022-01-25,31.84104976325554,0,0.8649171659800541,243.66182995333196
2022-01-26,36.777639420895206,0,0.8732923069742796,271.9795279250393
2022-01-27,27.995106732375397,0,0.8792345383218512,223.78697782633265
2022-01-28,32.71351657620417,0,0.9390934413379725,247.55426521087475
2022-01-29,33.88621853293064,0,0.8777116202540691,252.63838064675562
2022-01-30,25.696756190799967,0,0.38973872452450614,200.27835848044967
2022-01-31,34.11317277852157,0,0.8475088261748656,255.43077569710135
2022-02-01,27.557861855309373,0,0.874650358325868,217.39506403832195
2022-02-02,25.97577389477919,0,0.8454539254526303,210.7590155738168
2022-02-03,39.2332830588,0,0.8146391847536888,273.5823295363447
2022-02-04,39.484480496118394,0,0.9206897186762756,283.4936721241959
2022-02-05,37.125960221746915,0,0.9336425597110033,274.77751317490606
2022-02-06,29.56920653760056,0,0.4238980692019229,220.31629545491836
2022-02-07,26.46508171009576,0,0.8926988087601145,216.94339725789249
2022-02-08,35.263495397682355,0,0.875957156035846,259.47386329911103
2022-02-09,31.60228740609402,0,0.9726667299143651,247.59328270493498
2022-02-10,26.83057352267168,0,0.9038163570272436,216.70010243193343
2022-02-11,32.427653651669054,0,0.8958363755259462,246.86375386436447
2022-02-12,25.515827816728276,0,0.8051284131612871,213.6297767386752
2022-02-13,38.639806031181735,0,0.36824956552523125,264.2805905976227
2022-02-14,28.881699724000253,0,0.8760391237571714,229.20188161892673
2022-02-15,34.93783426530973,0,0.8797645561793801,260.79885665567264
2022-02-16,29.675666141341164,0,0.9160344738454664,225.33436244557652
2022-02-17,32.80102031766716,0,0.9067205093453757,250.24653621702947
2022-02-18,33.200654190149194,0,0.9215810185586889,248.54043852730106
2022-02-19,27.772816832882906,0,0.9529766523084257,219.74203841497922
2022-02-20,39.54376941646838,0,0.4625971477432187,271.0086296912036
2022-02-21,36.626992350416714,0,0.943624615245299,271.6211542986216
2022-02-22,39.09248412346284,0,0.991104739190987,280.1091967285132
2022-02-23,38.422410256414736,0,0.8036465165352724,275.47735578578136
2022-02-24,33.968499682166275,0,0.8391555971367093,256.9645231767818
2022-02-25,38.82811352534675,0,0.8015125749956284,278.45750265730726
2022-02-26,26.327387530778793,0,0.9294949428309206,222.62872730662542
2022-02-27,27.93974293628718,0,0.4796061097899974,216.42730131214407
2022-02-28,25.67840933365807,0,0.8486964593152599,212.800077201145
2022-03-01,29.879954961448966,1,0.9854069089592613,271.3530591032451
2022-03-02,30.83015934534223,0,0.8120534780579122,235.64791434470067
2022-03-03,29.07023547660844,0,0.9868872053611029,229.7795706357995
2022-03-04,37.43106263727894,0,0.8703245374479269,276.04004224763054
2022-03-05,30.351299900403838,0,0.8202841656898433,233.76568622688748
2022-03-06,29.21401764531071,0,0.3971743518372651,218.6262579137765
2022-03-07,33.14044124737373,0,0.8513553135441017,250.11245695411787
2022-03-08,27.113863374621438,1,0.8569745803923846,259.8017160471099
2022-03-09,37.032954711310595,0,0.8614579929852574,272.47978556021457
2022-03-10,26.118259655196564,0,0.9606051795665327,215.61482774890348
2022-03-11,39.803304049007764,1,0.907832255335051,322.4354881843253
2022-03-12,36.58367153944986,0,0.8622615398312008,263.0307501280452
2022-03-13,27.980735223012587,0,0.4220667566621837,208.9991304533529
2022-03-14,25.082831756854034,0,0.9432301348446387,210.24303853129948
2022-03-15,37.23192142682251,0,0.8545248001467067,268.06523246127045
2022-03-16,35.60286015771426,0,0.8827098203050703,259.7735675911034
2022-03-17,35.93510752061481,0,0.8243772186673896,259.1206836260142
2022-03-18,36.569055200289185,1,0.8362298699069362,300.318259318046
2022-03-19,26.110669776011356,1,0.9362235707929966,256.58748747679334
2022-03-20,30.37698592816409,0,0.33628766953912537,217.80256307157273
2022-03-21,26.738035892876944,0,0.905032676733412,221.3485570952134
2022-03-22,37.946551388133905,1,0.9418092523444865,314.0359972304584
2022-03-23,34.34947190241337,0,0.8213753846189488,249.13919524866313
2022-03-24,29.963470372789736,0,0.9134624439257807,233.83359165638566
2022-03-25,25.953375254290354,1,0.8513125567402728,251.70254592232877
2022-03-26,29.664734825734932,0,0.992585375047516,236.26288507097314
2022-03-27,29.877749830401207,0,0.39670912934398495,225.45227875759485
2022-03-28,35.94409267507096,0,0.9611985099550316,259.0360901802792
2022-03-29,34.563362070328196,0,0.9100453084312524,257.1003488857989
2022-03-30,38.3081911386449,0,0.8086825065709639,271.71598174306973
2022-03-31,32.08322387742924,0,0.9266302751188045,247.27925171898187
2022-04-01,26.793913689074525,0,0.9902806684413314,222.1073923033041
2022-04-02,35.698671808344926,0,0.9203223640292663,260.2057757855709
2022-04-03,36.41177572925346,0,0.463837771885358,253.5153059905507
2022-04-04,33.419157963542446,0,0.9768412926696816,250.54491297133532
2022-04-05,36.56450769931841,0,0.8456159543897865,267.97805723226884
2022-04-06,32.40693394546586,0,0.8424089679816453,244.77744208379306
2022-04-07,32.84099244072991,0,0.9221961977701983,254.49524071701754
2022-04-08,31.413115275378246,0,0.882205693961341,240.75611322940526
2022-04-09,25.381286901161427,0,0.9679722605733441,212.00426333917707
2022-04-10,26.618371404899566,0,0.48000462467960225,203.3271551826695
2022-04-11,25.471437785301013,0,0.8706842758605436,206.7205892371906
2022-04-12,34.546156168956706,0,0.8473741117948964,250.35349457684814
2022-04-13,29.7153397161449,0,0.9561051030487724,235.43763816674928
2022-04-14,32.62856036747054,0,0.8549612071096273,247.6172950112891
2022-04-15,38.613497108891394,0,0.9645228637027357,272.8142856091507
2022-04-16,28.739383437233123,0,0.8847476507297526,230.85284670919117
2022-04-17,31.155743845534445,0,0.4335099798582941,227.03613679997235
2022-04-18,36.33326707814573,0,0.8191070627669337,263.4177375802295
2022-04-19,28.431972482374338,0,0.9247718649353146,232.52942642354597
2022-04-20,26.154698647431896,0,0.8903535357474458,218.59190984895585
2022-04-21,29.34627179370652,0,0.9173216926350949,231.08955498195118
2022-04-22,27.418319308810066,0,0.8336028415489727,217.87442704476678
2022-04-23,38.9454647851386,0,0.9473747489888364,272.2671534893983
2022-04-24,37.12180569346626,1,0.4725594155086457,295.94119275862687
2022-04-25,34.50105634765635,0,0.8433479600181552,254.15537875272128
2022-04-26,38.07190885281577,0,0.8191429111040324,268.36219668966294
2022-04-27,37.05508115348672,0,0.8047277172092673,265.68881156569097
2022-04-28,27.798550883290538,1,0.9283943000886532,264.97345739088723
2022-04-29,38.388384977349666,0,0.9214188072177562,274.72515012629805
2022-04-30,33.09013362873476,0,0.909339482542814,247.71612073902682
2022-05-01,37.111602327460936,0,0.3463894192231951,255.40139066829258
2022-05-02,38.441369498852396,0,0.8781811991811029,275.89892552272727
2022-05-03,29.77005212457796,0,0.9188952670372346,230.69743464157654
2022-05-04,26.65077886791515,0,0.8993533717718339,222.7403699995274
2022-05-05,28.419027438129124,0,0.9975571040429775,229.15449490724146
2022-05-06,31.406616829393844,0,0.8272879505113466,239.59050841270866
2022-05-07,37.27022148883739,0,0.9390289108095188,272.5974291864271
2022-05-08,37.910958748845154,0,0.38086375362085845,260.2938442287687
2022-05-09,25.10428195796786,0,0.885639922985123,213.60096137461352
2022-05-10,32.661209538663485,0,0.9435195531316353,249.3231671094811
2022-05-11,31.261165047231685,0,0.9384872302648739,239.7784608594126
2022-05-12,28.331617157060954,0,0.9982511987404377,230.13255289802186
2022-05-13,26.797980510005242,0,0.8256788578908251,213.94109927333383
2022-05-14,30.06422757105442,0,0.8208219298768333,233.25451970531162
2022-05-15,39.14364555868779,0,0.4448677634257482,267.0115027954117
2022-05-16,29.848043980311328,0,0.9156773834012818,233.63819511870878
2022-05-17,32.78185932615049,0,0.8548321333119612,246.43811556400456
2022-05-18,35.54528438342767,0,0.8158838737977974,253.46891474890484
2022-05-19,30.45444403568941,0,0.8171316499192861,233.06344789606842
2022-05-20,39.57673124081441,1,0.9788381749328237,322.8177990326531
2022-05-21,39.43670942413167,0,0.8383734649437486,278.835111035418
2022-05-22,28.776734437380462,0,0.36467431242310416,212.26215768722597
2022-05-23,32.458727588385784,0,0.8453312804453976,248.8322979579808
2022-05-24,29.513174647251546,0,0.8709992611663875,228.93969529132357
2022-05-25,29.272607415662016,0,0.8138847685492188,231.86400641048834
2022-05-26,25.553304210317993,0,0.903811958181654,214.6327422496828
2022-05-27,34.14346500969845,0,0.813522512718443,250.3880129349822
2022-05-28,32.54018534843292,0,0.9600713015644723,253.6206048894184
2022-05-29,25.77218126874984,0,0.3467424163820866,196.89412000428194
2022-05-30,29.179696963549173,0,0.9080023829209022,233.6200675188886
2022-05-31,38.623988289499806,0,0.9760158175122917,280.89728618153526
2022-06-01,28.593428360004587,0,0.9301754738094389,226.59098234602803
2022-06-02,27.173423081368348,0,0.9065915573102671,225.3746156235177
2022-06-03,32.341791404163445,0,0.8648667506230752,244.21212796176457
2022-06-04,39.78475681165901,0,0.8666003826116396,281.5979231490938
2022-06-05,28.630829072672505,0,0.433897391039638,217.15637984113266
2022-06-06,35.08203321108818,0,0.9988278722442335,261.06152999491746
2022-06-07,36.424294229930766,0,0.9323678379698758,268.67823307239394
2022-06-08,28.564563159885996,0,0.911556683474005,230.37928641595954
2022-06-09,35.923245229177894,0,0.9461301020478492,258.9392337315355
2022-06-10,30.516746990788796,0,0.8930411224567436,240.81943434583926
2022-06-11,34.48458745890369,0,0.8120284685201571,248.9392555516346
2022-06-12,34.50294566141342,0,0.41245936317558196,247.12326186719892
2022-06-13,33.03662026112138,0,0.9915250569010761,254.84401908639228
2022-06-14,26.354346550816125,0,0.835060588471532,212.2044788650601
2022-06-15,37.52953743383857,0,0.9380009781641332,270.45936127266475
2022-06-16,29.811700974576038,0,0.8401867377318113,228.88371911580248
2022-06-17,27.797777655997812,0,0.9071655368946163,223.5637080802887
2022-06-18,25.61162712332146,0,0.819335289929344,210.59508958761938
2022-06-19,33.86339414782363,0,0.390074187251637,242.73512818765235
2022-06-20,35.163465427634236,0,0.9512326657790492,264.5963769354794
2022-06-21,25.248817433917843,0,0.8695143048477965,215.2192327363704
2022-06-22,32.68139587448921,0,0.9329823448974436,246.6087547402494
2022-06-23,28.39743662796907,0,0.9590899921579459,227.75727999696662
2022-06-24,34.677591856141746,0,0.9854355638958905,254.13801543021475
2022-06-25,27.61549643507487,0,0.8469284163710907,219.40998309814807
2022-06-26,35.36406607153699,0,0.37986318316186163,250.23865162171646
2022-06-27,30.801030194508062,0,0.8304832026660836,241.55377347093548
2022-06-28,39.050949831051014,0,0.998496700431675,276.80393008419696
2022-06-29,27.0628141621899,0,0.9854001935848591,220.8591200406743
2022-06-30,30.115995265753877,0,0.9079914260561119,235.27734565614466
2022-07-01,26.702102818608836,0,0.9684066588752842,221.32074347766334
2022-07-02,38.87040427417844,0,0.9041915954544084,274.8539198426518
2022-07-03,38.160090300714714,0,0.42471713760055196,263.15854501683674
2022-07-04,28.869124415727335,0,0.8178248864232034,225.69590131485853
2022-07-05,34.899760690512686,0,0.9510540840993615,259.3518466043101
2022-07-06,37.25833300301824,0,0.825542696727047,269.21741857667485
2022-07-07,33.32801217399194,1,0.9652135260505057,292.2240633958568
2022-07-08,32.9447586753401,0,0.9564056175340772,248.8358244084047
2022-07-09,28.627784363506777,0,0.9417489395485953,228.7282590217699
2022-07-10,26.396541517088487,0,0.3072320761049524,202.21911230703256
2022-07-11,38.458236369299904,0,0.8606256711890657,273.1051432627198
2022-07-12,38.506270857449955,0,0.8526225139821686,273.4692747773127
2022-07-13,34.49652185909902,0,0.8720272814943039,260.27992847254706
2022-07-14,30.08544686573051,0,0.8175285493527678,234.63111703314937
2022-07-15,30.238143619189913,0,0.9873915646062126,237.04143753317942
2022-07-16,35.88933518305359,0,0.9107604481424753,265.2286832957513
2022-07-17,38.45665389928865,0,0.3611048621316047,260.7181018006076
2022-07-18,38.306296363976756,0,0.8793963034148568,277.4745040452198
2022-07-19,36.69813318786436,0,0.8894405081009672,267.5959785808674
2022-07-20,34.630474692314316,0,0.9201188666721235,257.00734375789915
2022-07-21,26.262099474925733,0,0.9031358855392996,218.07962539555683
2022-07-22,27.424430711419205,1,0.9838783946428835,259.62159882467876
2022-07-23,38.47831282790619,0,0.899392696581166,271.9004165817494
2022-07-24,34.09643589489385,0,0.49843160296466255,240.6419073504099
2022-07-25,25.137955774249445,0,0.9702849915490191,213.4481417894139
2022-07-26,26.522073142990482,0,0.8417021028714672,221.64604865659626
2022-07-27,34.95252653662084,0,0.9861190429287833,267.2190038875775
2022-07-28,25.075923757693282,0,0.8232732795770953,210.96041933067738
2022-07-29,27.41212077126248,0,0.9634899416982383,225.26796166934923
2022-07-30,33.23100684049879,0,0.8761246586953161,244.1087760993189
2022-07-31,35.3784279653904,0,0.4755948640890139,248.17830443689724
2022-08-01,34.779418892539006,0,0.9736113380214901,257.0181428789998
2022-08-02,28.3640396419084,0,0.9611850800235242,226.41447448699506
2022-08-03,35.68268832021304,0,0.9580060872614122,262.82262466280355
2022-08-04,28.558736312452,0,0.8609358278196082,225.28905826216842
2022-08-05,29.880995472389017,0,0.8161838566102505,225.9954752515962
2022-08-06,36.19737107677037,0,0.8805960357530324,266.10601283067615
2022-08-07,34.74449348570822,0,0.3347049029973017,240.02296222911258
2022-08-08,37.738351157412666,0,0.9389902177804923,273.43658159242653
2022-08-09,34.86419338450515,0,0.8692199453075571,263.4008748875636
2022-08-10,33.524629050032075,0,0.9951220401719829,251.13811666969426
2022-08-11,26.40512151742139,0,0.9281944154690664,210.45858110211032
2022-08-12,30.515737045891502,0,0.9644961127268722,237.82992797281068
2022-08-13,28.978035515225884,0,0.8265049345483697,231.1600727417892
2022-08-14,28.659844650686253,0,0.4724028964545245,223.3523690973189
2022-08-15,39.59515832128668,0,0.9845514381026789,279.0818971113858
2022-08-16,30.896465870001407,0,0.8974123837637872,240.32844343981102
2022-08-17,38.3806983276567,0,0.9212505875501955,273.9626852911669
2022-08-18,34.46707938995894,0,0.9529619601805991,257.0481850134055
2022-08-19,36.922169553124725,0,0.8349677254520825,274.1336370323518
2022-08-20,32.53955639657788,0,0.9005132152926885,242.2937901007056
2022-08-21,33.65355826939539,0,0.37973260555446264,239.89161381644314
2022-08-22,32.387765407282956,0,0.8292747984324499,245.69622343106573
2022-08-23,27.928644816970667,0,0.8735068844583063,227.2525262077349
2022-08-24,35.83678172892258,0,0.8136344618770988,260.75136330616857
2022-08-25,29.211585436612836,0,0.8051623813898975,229.36882124900134
2022-08-26,25.364739496471806,0,0.8270332578309646,209.35163532657342
2022-08-27,34.68208443860752,0,0.9926230223178347,260.1969616869973
2022-08-28,27.656660191105736,0,0.4099059071790034,210.0700397702904
2022-08-29,39.106878765293715,0,0.993164432230644,282.5068445487441
2022-08-30,39.30892865503881,1,0.8864995756660264,317.83651592770605
2022-08-31,38.72296585330673,0,0.862363226617052,276.66061794300515
2022-09-01,30.552380503831664,0,0.9012283725680489,237.1943472915383
2022-09-02,25.231849247933013,0,0.887902337726582,214.78858558555953
2022-09-03,38.92477843881588,0,0.8211329368523488,275.31307875685945
2022-09-04,31.422762224759715,0,0.42816526293804125,224.31429284767702
2022-09-05,39.49982228565504,0,0.84320763650192,282.5651023858342
2022-09-06,39.45429965633879,0,0.9239175909795659,277.8613812223275
2022-09-07,37.7951418320104,0,0.9300402184796307,270.80638723969423
2022-09-08,29.416733381043784,0,0.8304049706257297,228.27346061252294
2022-09-09,30.77646592902888,0,0.8122699254221337,240.2570988744044
2022-09-10,37.76705007275285,0,0.956152317213688,266.87862563761985
2022-09-11,29.753830077344166,0,0.391960084753864,230.13063209107858
2022-09-12,27.542391200291387,0,0.8116327591010952,223.7624671661242
2022-09-13,33.352018936875254,0,0.9989732634339534,253.83373922523754
2022-09-14,39.04232161241171,0,0.8115561121992734,275.6273645427092
2022-09-15,35.440446950124596,0,0.9390070457717107,262.5459837294638
2022-09-16,33.550917551340476,0,0.9967357850526828,255.62616615788937
2022-09-17,26.457647406561527,0,0.8478360208431852,218.22825483042516
2022-09-18,34.22510840048754,0,0.3284498737374392,242.25858056378652
2022-09-19,39.85080775156395,0,0.8242769878844858,280.2595439483849
2022-09-20,27.10126022854786,0,0.8606550295135191,219.11040957394573
2022-09-21,32.77494478545605,0,0.8202091622021294,245.47114417428173
2022-09-22,38.16059607891933,0,0.9384322683388264,274.1469430462254
2022-09-23,36.11152926631307,0,0.8124583596260125,265.14810975955425
2022-09-24,35.45523611492902,0,0.901884425629958,262.61291415925086
2022-09-25,35.53726125980664,0,0.49933937077059537,242.34117241234392
2022-09-26,30.392367268296326,1,0.9627940539012038,280.02091656494173
2022-09-27,29.4038776639674,0,0.9230438876462022,232.89891856235488
2022-09-28,37.140417332177705,0,0.8612507241573224,267.8491450290484
2022-09-29,37.15170092018771,0,0.9247791672583277,268.3820882390925
2022-09-30,38.006084778701556,0,0.9054082927823304,276.53675241728376
2022-10-01,38.69860828834707,0,0.8852166767780744,278.82631608988635
2022-10-02,32.67013598291407,0,0.3261420753480399,230.75157159821768
2022-10-03,32.522744420307994,0,0.9773208430480933,249.8633511550543
2022-10-04,36.97442768450163,0,0.8899569297642645,264.9112059260906
2022-10-05,34.74945896166648,0,0.8389245023641531,251.7316610807361
2022-10-06,35.52950315886555,0,0.873551870175458,258.6002602431712
2022-10-07,36.93689004154152,0,0.8828259505057854,270.0549013791922
2022-10-08,38.350080127263496,0,0.9655075791133749,279.17744922482746
2022-10-09,30.069927352773036,1,0.4467228761122804,265.1429794564095
2022-10-10,30.63374428959916,1,0.9538609787282679,281.1637844188267
2022-10-11,26.409729097613035,0,0.8022062528857294,216.47039085203068
2022-10-12,33.67420211494261,0,0.8832307996359523,249.89249535695447
2022-10-13,25.53913410695113,1,0.8962688303270647,254.39033210556386
2022-10-14,31.9839702719869,0,0.8038384553646114,244.12024726533542
2022-10-15,33.13966952061365,0,0.8519626417490069,250.73235373211142
2022-10-16,29.298118781924266,0,0.452057964624427,223.5991593832711
2022-10-17,33.86249890853516,0,0.8274219411457998,253.45045483121694
2022-10-18,25.457503749085742,0,0.9070620262905184,214.02691327549925
2022-10-19,25.560222831238217,0,0.8430403744034476,215.0755296649789
2022-10-20,37.33900840989487,1,0.8024241549287787,307.3082804629677
2022-10-21,30.402859621168943,1,0.8482402915199083,272.5941095159255
2022-10-22,26.90590768977827,1,0.9951747509820108,261.6385247936547
2022-10-23,32.83364890082207,0,0.46030742237659794,234.9744923489415
2022-10-24,36.54990329647916,0,0.9919153288642066,266.311884219782
2022-10-25,28.23731541245265,0,0.8975708087852725,225.64482818725796
2022-10-26,34.343357137285004,0,0.8219472397355008,251.11953548935566
2022-10-27,26.28021197490652,0,0.9095918977947386,216.06093033550263
2022-10-28,25.775225817529115,0,0.8908754669119922,208.4121265960782
2022-10-29,32.97031947352222,0,0.9688714165479232,251.21920000872356
2022-10-30,33.1095268241516,0,0.3196165161568489,235.01975808593556
2022-10-31,34.5614485224731,0,0.8976482274043557,253.9848926997752
2022-11-01,35.891370005839924,0,0.8300097329387969,263.10655635679876
2022-11-02,39.63778119193802,0,0.8649351853780121,282.79743976863244
2022-11-03,32.74450522451793,0,0.94747141547756,244.13773087151813
2022-11-04,29.84434709411869,0,0.8952036258737534,231.44478236291488
2022-11-05,36.92779292153055,0,0.8751776570291538,264.92542039971363
2022-11-06,29.062483768931113,0,0.37889525571400706,214.25259418039292
2022-11-07,31.584571310584543,0,0.8918893536811974,244.49160065863097
2022-11-08,26.17684572013399,0,0.9570033087674114,217.09246375951
2022-11-09,25.380261151231863,0,0.978416937788047,213.59213244668229
2022-11-10,39.43972622016888,0,0.9910669373007857,276.17577219611
2022-11-11,37.53970180768309,0,0.957380677251059,274.13133969878294
2022-11-12,35.43961309140547,0,0.8630813791496026,256.0694021329259
2022-11-13,31.134294166214048,0,0.4376269412173084,228.66508341905913
2022-11-14,27.599414801062686,0,0.8875206248110784,223.59733747925245
2022-11-15,27.346555640066292,0,0.8509341244092102,224.7187959700644
2022-11-16,28.75364347246893,0,0.9681743158851845,226.39538536762316
2022-11-17,33.23839997059181,0,0.807685269792465,238.77791513618982
2022-11-18,35.71893884050093,0,0.9803523984270848,264.6112650293427
2022-11-19,34.90296065076597,1,0.8922954929249468,303.34313199133294
2022-11-20,29.19900845418914,0,0.42744029536165606,222.6580870229676
2022-11-21,39.32297920994791,1,0.9318707844411566,320.7760480646028
2022-11-22,36.068453750436525,0,0.9790235481413073,264.2292581487319
2022-11-23,33.31531078767101,0,0.9273339364334414,253.61820798156882
2022-11-24,34.17581119351529,0,0.9227867169520123,252.29292305356026
2022-11-25,31.29400093641685,0,0.8133304081121381,240.073538005673
2022-11-26,28.715964842517362,0,0.9036816043890409,230.04508183130923
2022-11-27,30.339590179768923,0,0.33003380016340833,225.16150758947268
2022-11-28,36.36769165696553,1,0.9474867537442971,314.6310689137752
2022-11-29,25.215902329446337,0,0.9024443841625349,212.8746886869421
2022-11-30,26.741089607603744,0,0.9360455558416707,218.33147813541726
2022-12-01,25.69003963032629,0,0.8083345801204769,211.54383179200212
2022-12-02,25.61093203478455,0,0.8169584032091607,206.1492061325275
2022-12-03,37.831908760165106,0,0.9432646776125364,271.1906395958388
2022-12-04,35.55486789070036,0,0.31441686719973466,245.3959402410158
2022-12-05,32.11260743630988,0,0.8142513455530518,241.0245341393099
2022-12-06,26.46751240976502,0,0.8024216950469776,215.66166655914773
2022-12-07,32.37423812675249,0,0.991300279659896,245.81159020276274
2022-12-08,32.102076561708486,0,0.9475016718918015,249.2406012954692
2022-12-09,27.598028048650228,0,0.8706502817004129,222.337412870786
2022-12-10,31.507774738569594,0,0.8593071162575311,240.79209568815648
2022-12-11,30.977571015960603,1,0.3699406459491699,265.05717287580137
2022-12-12,34.237751470783245,0,0.9549307062362364,256.7800467672424
2022-12-13,34.526404763014654,0,0.9322741222140829,259.60889071182527
2022-12-14,25.679560146580666,0,0.8370391135734936,209.68647589579186
2022-12-15,30.619189219397068,0,0.8348218670668169,233.96830546255057
2022-12-16,34.38789873571355,1,0.8196791299426796,292.742714093662
2022-12-17,32.54704387870132,0,0.9320605439402676,243.58971144585334
2022-12-18,37.84734761782484,0,0.45287453244434717,258.6313582975034
2022-12-19,34.88040447428418,0,0.8530092856650009,255.4225109975551
2022-12-20,27.444016406221444,0,0.8041889922061826,222.55917109715568
2022-12-21,26.058531211006446,1,0.8164343334952855,254.37949213721885
2022-12-22,34.63628917309474,0,0.9935720069690062,259.7742579391826
2022-12-23,25.39766965812433,0,0.8590889554954841,214.0387321328878
2022-12-24,33.78663371910195,0,0.9538446295676267,253.70984222568185
2022-12-25,39.10345362137436,1,0.42493271377085273,307.59128977665495
2022-12-26,33.632112668138184,0,0.8763879279305792,251.1341737465303
2022-12-27,30.822548893097828,1,0.8411374524391111,277.8727580460463
2022-12-28,34.6493232766353,0,0.8242772836318814,253.27540784581174
2022-12-29,31.873793357372747,0,0.9230025936077734,236.85282148075424
2022-12-30,33.18425183973903,0,0.9549267561275576,250.85474024737735
2022-12-31,39.12197213164788,0,0.9287808507082261,283.3732319079153
2023-01-01,30.791539567011615,0,0.40606042664983166,228.8295467946263
2023-01-02,39.41785845735871,0,0.8083902446863273,280.4116691662535
2023-01-03,38.58025962934096,0,0.9936977555188767,281.8360822742272
2023-01-04,27.936867021839447,0,0.9597428383309149,226.45650543598651
2023-01-05,26.040419513127482,0,0.858564407340193,215.15007096873353
2023-01-06,26.5116700206614,0,0.9959940658717701,218.4029120596659
2023-01-07,25.273327384773246,1,0.9203763179272644,251.47316082701204
2023-01-08,26.416644411338925,0,0.4164845316414493,207.1593199147765
2023-01-09,35.24510160124535,1,0.9496146358859064,304.62850689463187
2023-01-10,26.067829726903433,1,0.9623539576180276,256.8660928025442
2023-01-11,29.78463445440642,0,0.9312957214663006,232.9980706232541
2023-01-12,37.67312966454182,0,0.8256191492732401,269.5730849982015
2023-01-13,25.349079036037388,0,0.8676535011988997,213.27053714973928
2023-01-14,37.217027238834035,0,0.98561672806521,267.050584499633
2023-01-15,29.227821621601,0,0.3449231223687704,210.12807898349234
2023-01-16,26.772472414324845,0,0.8744334047675026,216.81709215947205
2023-01-17,35.45105748046226,0,0.8864153765888392,256.7633230431973
2023-01-18,34.43414270169826,0,0.8878809979388904,254.056489323682
2023-01-19,38.1620802029058,0,0.9225879164989051,273.89934192996805
2023-01-20,36.02606565705828,0,0.9886151675489415,264.3807491155343
2023-01-21,37.05221395577273,0,0.848138542366501,271.51149315028385
2023-01-22,29.2305185885696,0,0.3243002752601836,217.49423040044564
2023-01-23,27.661593156695844,0,0.8394940979719875,222.76442268027225
2023-01-24,36.25922127461288,0,0.9773849800418539,268.44550805131837
2023-01-25,37.10252108900896,0,0.9291621625310412,266.0046559371767
2023-01-26,39.8575771300101,0,0.857181357847832,283.9632395325051
2023-01-27,31.189265153671396,1,0.9631893877937234,281.6609145728594
2023-01-28,30.580271286891747,0,0.9722739992726872,241.2035940106212
2023-01-29,36.646194411129954,0,0.46930286773805563,252.5187331677547
2023-01-30,30.11205310379527,0,0.9837853067279109,232.57121126836685
2023-01-31,38.96135988405347,0,0.8504482040346724,278.8294015183985
2023-02-01,37.87619127764518,0,0.9510083857492557,274.8101563547208
2023-02-02,31.434910410625275,0,0.892107899454828,238.58411279429947
2023-02-03,36.26306601687246,0,0.9683997105780123,263.7637204016141
2023-02-04,36.31814311127023,0,0.9456981354323226,269.4458446731495
2023-02-05,26.54685803253899,0,0.45528948929994495,203.3389201100838
2023-02-06,38.5382936001935,0,0.9312323675362143,281.29263732910204
2023-02-07,32.578785586717856,0,0.8354857538939414,242.66345245965064
2023-02-08,37.39686199161612,0,0.9090053837793877,272.24524793106724
2023-02-09,29.800744015459177,0,0.9969339479049016,235.08106454457965
2023-02-10,38.432848427443005,0,0.9874776132994239,279.0741750774591
2023-02-11,30.838025181012448,0,0.8086347471594024,234.70604754150222
2023-02-12,25.162564772204476,0,0.3329629631458874,196.71600626701178
2023-02-13,38.58072964628896,0,0.8263457546909124,274.06890369564695
2023-02-14,26.369300151792004,0,0.9451959819970591,215.29597791118366
2023-02-15,29.789704563856223,0,0.963557065971389,237.40198159205497
2023-02-16,39.25092950576207,0,0.8427022732621344,276.0323777597966
2023-02-17,39.25910720406334,0,0.9011705385903658,278.3871782982431
2023-02-18,33.60156832184929,0,0.96814060560224,250.60799496110707
2023-02-19,34.477558182546986,0,0.4465603089532501,237.06928602367083
2023-02-20,31.726682829674797,0,0.9084474410983697,242.52618032209776
2023-02-21,29.39816157547097,0,0.9180695380917546,239.40076027939327
2023-02-22,29.92996818054874,0,0.901672109383256,236.65946286490941
2023-02-23,35.08777684115557,0,0.8595096902637641,257.95128995493764
2023-02-24,36.2856179415652,0,0.9130043985718033,264.30740359618324
2023-02-25,36.873685655887726,0,0.9377770604100182,268.6055153369477
2023-02-26,36.84427214191831,0,0.47466458317216154,258.4604782060376
2023-02-27,26.368091545730355,0,0.9272582707958497,214.3058577434754
2023-02-28,32.41630457053872,0,0.9522243074086316,250.84683470780826
2023-03-01,25.863381400249665,0,0.8320143269909146,215.19073284229498
2023-03-02,33.24293323485603,0,0.892311494883958,252.1284240765317
2023-03-03,31.622957520600657,0,0.8018663239654187,241.25228141444782
2023-03-04,38.31556274137449,0,0.8493357729043246,273.30694545428764
2023-03-05,30.263725188281178,0,0.44529234302260096,226.51677318721514
2023-03-06,26.756005246414087,0,0.9983619902698727,223.26331734075856
2023-03-07,27.144875230792536,0,0.8198356199174432,217.82916947291716
2023-03-08,36.42265947576208,0,0.8802988631722577,263.21543174427376
2023-03-09,34.27327094974392,0,0.9600141937398319,256.9176242880526
2023-03-10,26.516840141841854,0,0.8408071269257797,221.04807130847098
2023-03-11,26.26160209172496,0,0.9110169898604573,213.21379355982953
2023-03-12,35.5145369718868,0,0.44661425920593495,245.33255814794768
2023-03-13,26.091445095462902,0,0.9231970900520359,216.91314623323237
2023-03-14,37.32790088935534,0,0.8376049469230833,268.3667110475508
2023-03-15,35.59363340734744,0,0.8710769137371479,261.2463881918076
2023-03-16,26.220231709628496,0,0.9567583568970794,218.60793072236925
2023-03-17,26.272565711277878,0,0.9108453028264033,216.30984122088947
2023-03-18,39.799593677517635,1,0.8010459227085825,323.6337880356055
2023-03-19,30.614061936341805,0,0.45219815200561875,221.54973915915158
2023-03-20,30.559632206003364,0,0.8070622709880478,232.4773002891766
2023-03-21,37.19199350886254,0,0.9491467565462465,270.0404734757492
2023-03-22,39.208728660757885,0,0.8404961120330475,272.3847339390015
2023-03-23,39.790015957343066,0,0.9916146960238761,283.3548807825474
2023-03-24,36.30067277888412,0,0.8735881502604169,269.1673435923382
2023-03-25,30.643893782963737,0,0.8653863232676159,236.8880077048042
2023-03-26,26.25251075048003,0,0.3297776100664889,203.0485945711224
2023-03-27,36.65720373891155,1,0.861120843098043,301.80210472870874
2023-03-28,33.376063746037076,0,0.9753301523656401,250.83927556600054
2023-03-29,31.363330138704644,0,0.9992668675254495,242.5000672129467
2023-03-30,38.59531577642104,1,0.8736619061013697,314.24591808908656
2023-03-31,26.66796223459227,0,0.8897221261909085,222.19420326582693
2023-04-01,32.38937656436289,1,0.9444141876405474,288.8524353821309
2023-04-02,25.170304671511285,0,0.4772391560930149,197.51406745476842
2023-04-03,32.02990962991189,0,0.9186088668373569,245.548302229807
2023-04-04,25.84454913522756,0,0.8783051396355659,215.60612958547176
2023-04-05,26.782268744021078,0,0.8825243681697248,222.1384462911081
2023-04-06,26.762893701656573,0,0.9391236292993614,224.78160256014073
2023-04-07,34.73815453174095,0,0.8006436527208558,251.81395049489436
2023-04-08,36.19067318898135,0,0.9239178674919681,262.4806054607787
2023-04-09,33.7505314764574,0,0.3710986020882715,235.60728256245844
2023-04-10,39.43258822711813,0,0.9588394662554168,280.64535056923154
2023-04-11,30.62305869285556,0,0.8185981279646265,236.95471004816136
2023-04-12,29.28568129422791,1,0.9176404533896781,274.57428509680324
2023-04-13,38.0289869228419,1,0.8961945779772248,312.81614860814426
2023-04-14,28.35393757779179,0,0.9284651051810455,226.4509854331622
2023-04-15,39.44833809160917,0,0.8129707188965937,278.23156478888507
2023-04-16,25.182317120347246,0,0.41599675748562626,196.86961240991735
2023-04-17,39.548182400614586,0,0.9122969175919048,287.00731462783193
2023-04-18,25.647398679258643,0,0.9121320188832343,209.18783105116816
2023-04-19,38.367146705471065,0,0.9206975333192909,275.83396425593054
2023-04-20,32.9155166362945,0,0.9352935874452725,255.54763819803435
2023-04-21,39.894471941789504,0,0.960997799936154,283.6388098526735
2023-04-22,26.106948471030982,0,0.8539641440256429,214.1923391565853
2023-04-23,33.30781426601981,0,0.4650098820360124,238.5304192593641
2023-04-24,39.53953803428649,0,0.8996511364526908,279.8398859306052
2023-04-25,32.84646766255223,1,0.8154116558268663,290.266881599952
2023-04-26,34.44097957202894,0,0.8117101858487958,247.0738708579703
2023-04-27,35.436230334769256,0,0.8668476637392122,264.4653983042617
2023-04-28,31.818115971516598,0,0.9569793954222935,240.47957009148658
2023-04-29,34.41337120126095,0,0.9415361869481832,256.02262945205393
2023-04-30,33.7647146788465,0,0.45772299293448127,240.32597202092927
2023-05-01,38.51737015736484,0,0.9034538112883219,277.3353818468715
2023-05-02,25.681695705121868,0,0.8880397995910981,208.77876131871116
2023-05-03,29.214447843883455,0,0.8294905053412568,230.45313028241785
2023-05-04,39.25617226114838,0,0.8656385507218624,284.24351949141936
2023-05-05,38.35395675836374,0,0.886803873234775,270.2795672572369
2023-05-06,31.834851291785693,1,0.8177200859359235,281.9194068518006
2023-05-07,34.30198896702305,0,0.34412239054224225,239.36666027187684
2023-05-08,29.16071774471699,0,0.9196450588127478,232.34023326353937
2023-05-09,27.82181739585642,1,0.947132622847838,265.380482403554
2023-05-10,31.95547607409973,0,0.99966950227859,244.55356198551053
2023-05-11,30.30028342039079,0,0.9866226662687115,239.67054392920684
2023-05-12,33.75484167776308,0,0.9285130399070383,258.749110380299
2023-05-13,26.166019554474772,0,0.8842496106588145,215.2304227527674
2023-05-14,39.6159221149925,1,0.42723547294164654,311.0965868019497
2023-05-15,39.79316116719404,0,0.9571303236160464,279.1556128193191
2023-05-16,35.47242571029618,0,0.8236672381846775,256.09001523358455
2023-05-17,33.04144549516181,0,0.8819809779392577,250.16568165889925
2023-05-18,29.642914244294914,0,0.9679604571271234,239.0373478864016
2023-05-19,37.20692529560423,0,0.8767665903866089,269.67924622492245
2023-05-20,35.27096758830819,0,0.9143744542454373,259.32083168844576
2023-05-21,27.43925409017337,0,0.41755387217243967,210.24514065341322
2023-05-22,38.663907767407636,0,0.8368952506267279,270.85791534731567
2023-05-23,37.33805864384753,0,0.8724470883304577,270.94740467779565
2023-05-24,39.246998699378864,1,0.8669022577483865,320.8051493876984
2023-05-25,35.8857926258254,0,0.805239341706413,259.126517148123
2023-05-26,34.20122793903685,0,0.8048383527782711,250.97672648355515
2023-05-27,31.273645544359283,0,0.9663394087351547,243.16961852025958
2023-05-28,38.9909272503102,0,0.35461416199456247,262.81164564323126
2023-05-29,37.990958342506126,0,0.9036157532477631,272.84859603134606
2023-05-30,25.678280051592843,0,0.8597451147177546,219.14853748308906
2023-05-31,25.39550461745878,0,0.9881358490230681,213.96074128714085
2023-06-01,30.646950503170743,0,0.8518593517731547,235.42682575348476
2023-06-02,37.158299961727494,0,0.885931362547787,266.6654984630812
2023-06-03,39.80914193972417,1,0.9745460500969204,325.78010847759884
2023-06-04,27.256253366552922,0,0.46838671335836174,210.09601147375875
2023-06-05,33.911960730282026,0,0.8372202835692555,249.85979947962085
2023-06-06,30.713362849465323,0,0.9605286619591421,243.50127032323115
2023-06-07,39.548715967219046,0,0.8916373773475785,284.4835800898818
2023-06-08,37.63178384703563,0,0.8965937744170711,269.3461361289817
2023-06-09,37.574930570667064,0,0.8266959944831888,263.5274467471998
2023-06-10,32.030397396924556,0,0.816120302751425,245.27145614353427
2023-06-11,31.222292535064977,0,0.44558786139475304,227.05281122590068
2023-06-12,29.101106078960594,0,0.89929223047106,232.63949173827567
2023-06-13,25.845632449763908,0,0.887370140523036,208.43297781880716
2023-06-14,37.9708356438258,0,0.9459016457304794,276.6853442485238
2023-06-15,37.19351513695116,0,0.953102579798222,266.8229213644788
2023-06-16,39.99576509929196,0,0.8317816335338708,283.06650567214774
2023-06-17,39.94955255610858,0,0.9220450298955283,282.9517972202187
2023-06-18,33.33147558403941,0,0.3270708164555371,233.40603495658763
2023-06-19,36.53481122770766,0,0.9502750172058092,266.00286038436167
2023-06-20,39.17148594823642,0,0.9313910312534279,281.4668637037406
2023-06-21,37.74471086016117,0,0.9913229242166917,274.3753685935366
2023-06-22,28.710221526147965,0,0.8137916032712843,228.00709234870982
2023-06-23,31.758162029651402,0,0.811410944230251,246.75377310162946
2023-06-24,26.937391227272425,0,0.85643741493864,214.11768842924047
2023-06-25,39.31076540888083,0,0.3523411367471812,270.4518401062134
2023-06-26,34.0926195167632,0,0.8493957598144,253.292535488393
2023-06-27,28.42964208255194,0,0.9812509161042073,226.39720275388513
2023-06-28,35.07551026608785,0,0.8499092399699013,253.7192393992523
2023-06-29,34.27192360686844,0,0.8543899452257262,253.3976207712806
2023-06-30,30.37244077049261,0,0.9518796524835927,240.44965734622775
2023-07-01,26.703363882994434,0,0.889947968490108,218.14219848949338
2023-07-02,35.073597933891996,1,0.45534211139103625,292.3702876581995
2023-07-03,32.8046155135569,0,0.8130732315128771,241.53545818274034
2023-07-04,36.58477587603459,0,0.8975142387346768,266.1085133297948
2023-07-05,32.8024525166799,0,0.8067227200366566,241.9626597477406
2023-07-06,37.7827225047781,0,0.812530640691071,270.86122968808655
2023-07-07,33.278602581617285,0,0.9812874906688822,255.03014182877692
2023-07-08,33.414069573030794,0,0.827849074223519,247.9214754250926
2023-07-09,38.14980403987518,0,0.40648413645504344,253.56852123289553
2023-07-10,31.052242993185956,0,0.8822191205201413,239.8030888206856
2023-07-11,27.01022842675961,0,0.8694686652517686,220.79602873494088
2023-07-12,25.431740144700086,0,0.9799666691374544,215.88440368788187
2023-07-13,36.32705883510428,0,0.8043646793550979,266.2863459678445
2023-07-14,34.304643270301966,0,0.9327579372351178,252.86807508938023
2023-07-15,35.561196521488355,0,0.9926788868427101,265.6513637905632
2023-07-16,28.194462422633663,0,0.41203363669236837,217.31178308338474
2023-07-17,27.045572133801546,0,0.9873644924066184,217.26709580039332
2023-07-18,25.21816998501823,0,0.8104515758572048,210.36746080227456
2023-07-19,30.258813382098957,0,0.8837586638148323,233.92373133642278
2023-07-20,33.848765302819494,0,0.8520315581924103,251.63029438903888
2023-07-21,30.883660676495985,0,0.946164192996146,241.0387055226994
2023-07-22,31.562123830355937,0,0.9962594180994493,243.04299414585407
2023-07-23,38.562380417406224,0,0.3513060124888496,259.9549520782863
2023-07-24,30.223832005349507,0,0.930834920294815,236.54772388551206
2023-07-25,32.70984233739716,0,0.839619526551948,242.83599356671667
2023-07-26,36.75479519111715,1,0.913066050914322,304.0921928035648
2023-07-27,30.948141734819053,0,0.8927864973376672,241.00886260944267
2023-07-28,34.331300503418106,0,0.9944010659263074,254.3038869590886
2023-07-29,37.93545563120118,0,0.9217054545392933,275.23176089597564
2023-07-30,39.24280935486463,0,0.36990127441736376,267.10079064234617
2023-07-31,27.20610221393557,0,0.8228191569775867,214.08234936495862
2023-08-01,38.89881437742242,0,0.8302493657469869,273.5378491982953
2023-08-02,32.38174439619307,0,0.845063385990247,248.24128596062502
2023-08-03,28.873665824484377,0,0.8501933322680596,225.00493267080748
2023-08-04,31.887036343573918,0,0.9701232115682276,244.01764195143232
2023-08-05,39.700488629282155,0,0.912244557656505,282.8546420417226
2023-08-06,32.38927140989304,0,0.4046781822748733,236.0356288522062
2023-08-07,29.931274154312625,0,0.8229537743738435,231.5893436419132
2023-08-08,34.50101281475089,0,0.972027938669887,256.21302939347646
2023-08-09,28.602184281672898,0,0.9445628606416967,233.27166565316784
2023-08-10,26.13794992162996,0,0.8135336723800004,219.11720042471657
2023-08-11,26.933195828659738,0,0.9415670194459538,223.85508961606098
2023-08-12,26.920687584366586,0,0.9087076434685293,220.2929459193679
2023-08-13,27.278540402684413,0,0.3163450691493556,204.5208234966963
2023-08-14,27.082407589741152,0,0.8916601283057313,217.89572641873113
2023-08-15,34.61312117204822,0,0.8969392574260094,258.23400537727895
2023-08-16,27.728201265987174,0,0.8331549080326552,223.27943344022086
2023-08-17,30.18500924985795,0,0.9891396294000565,241.92133091315884
2023-08-18,38.45182614859018,1,0.9699950742961324,318.8699926482446
2023-08-19,32.10942460394308,0,0.9338044674658217,241.0611088802929
2023-08-20,35.013366077815405,0,0.3924591122001214,249.13147783168574
2023-08-21,27.584798068024448,0,0.8823531083169017,219.57167655249665
2023-08-22,27.88433528213006,0,0.9301946934301908,224.047762874122
2023-08-23,25.613029243997183,0,0.9090863738813811,214.52030033697608
2023-08-24,27.53402594608247,0,0.8124546211763771,226.5616925399572
2023-08-25,29.17885508547938,0,0.9025005297540664,240.05077332216877
2023-08-26,27.655157264151203,0,0.9612807234465679,226.69694213149853
2023-08-27,26.330538006355834,1,0.3918479755193916,243.73319196233163
2023-08-28,26.809538066509013,1,0.8103913155108537,258.64908255245626
2023-08-29,31.911681520490887,0,0.9572556398768066,247.87042857289794
2023-08-30,28.095005776086886,0,0.8402727564271949,223.00084375922535
2023-08-31,30.46404791572113,0,0.8517241669776078,241.0061682376386
2023-09-01,32.55125906282285,0,0.8329412706864592,245.85978754628536
2023-09-02,35.35592242944048,0,0.8660430129742995,260.95273225294596
2023-09-03,25.589682097616485,0,0.451350301137727,204.2120043531657
2023-09-04,36.991155983635636,0,0.9038771719007875,269.51923785081414
2023-09-05,34.418505842363615,0,0.8409762548301425,256.85005591550777
2023-09-06,26.22638547923308,0,0.9755660156304082,216.52404113143822
2023-09-07,38.10367936160166,0,0.9759163709903058,273.7206649486075
2023-09-08,38.8130860079772,0,0.9741156850092014,275.4552422646055
2023-09-09,25.916169397822955,0,0.8477592422763078,215.01009785831855
2023-09-10,29.153164722208054,0,0.3902478688361976,220.12819689803993
2023-09-11,37.09301919689592,1,0.996997931228175,312.44475902426046
2023-09-12,36.22389535575488,0,0.954402495261998,270.85823738921596
2023-09-13,27.76781529034566,0,0.805433484245112,221.50456244329982
2023-09-14,28.140239850050655,0,0.8130409182520985,225.50539920332315
2023-09-15,30.55708154187073,0,0.8927862753624666,233.8185456566232
2023-09-16,32.26784477786532,0,0.981844041172312,246.37045685563817
2023-09-17,34.27382157295444,0,0.40774035959054283,244.89446581264218
2023-09-18,30.533704593546588,0,0.899562501606858,239.6981509214245
2023-09-19,31.938020741997217,0,0.8210947399913262,241.04796721837727
2023-09-20,36.21206407200635,0,0.9313560209448588,264.98701031367773
2023-09-21,25.55024804335897,0,0.9644206321200451,210.29808517108177
2023-09-22,28.78655416516031,0,0.8760840015015126,227.1064724278875
2023-09-23,35.70024378826829,0,0.9551223701850655,266.01037892887376
2023-09-24,38.42810256530799,0,0.49289533078016234,266.6028906313021
2023-09-25,32.675161631734994,0,0.8407532918255378,247.46160529211005
2023-09-26,32.98170227897973,0,0.9046659262389483,249.1781401566193
2023-09-27,26.60758017009664,0,0.8574275916169152,217.2732640827713
2023-09-28,31.711185502351817,0,0.9585708838067679,242.29699908803758
2023-09-29,32.98925899682535,0,0.9155186731762315,251.4328952747751
2023-09-30,28.637057554520943,0,0.9269164835100607,229.9937071826202
2023-10-01,29.038648464240715,0,0.45958283192317884,220.4511399704133
2023-10-02,30.65926244656934,0,0.879194094532491,235.66620757884235
2023-10-03,25.301067966665897,1,0.9830180136814086,247.6605478224178
2023-10-04,29.831187483747676,0,0.906605773449228,237.24630239348062
2023-10-05,28.17172010494817,0,0.8315909645670696,222.67751824990276
2023-10-06,29.912460282668718,0,0.9391798236337605,232.5709776555245
2023-10-07,26.79643197728877,0,0.9586522700876509,222.76961697891934
2023-10-08,38.35790921109842,0,0.3633523354135053,260.12573467885267
2023-10-09,33.903886803310726,0,0.9714358513997506,258.30436209302513
2023-10-10,35.186534787167346,0,0.9812286509531533,263.37710110096214
2023-10-11,36.837568579110076,0,0.8553808974755618,268.3555595862188
2023-10-12,32.47663298393586,0,0.9967042945430444,244.80757855286663
2023-10-13,26.303804321311354,0,0.8281423056097518,218.69765033869749
2023-10-14,33.05659812727822,0,0.840403133680498,248.56550094664945
2023-10-15,33.802616770313186,1,0.3368449678476052,277.6658532759548
2023-10-16,36.181592112764946,0,0.9787979420015741,266.6717560933379
2023-10-17,31.47489319344519,0,0.9308585104649924,237.12224439146675
2023-10-18,26.913704541933456,0,0.8304208566444546,219.272261651834
2023-10-19,29.256638586980866,0,0.8880646836736699,227.64536778480368
2023-10-20,30.446234445979528,0,0.9230596050139604,233.26040460852013
2023-10-21,34.68875861997402,1,0.8166928169978767,290.4562842421685
2023-10-22,33.56167457003368,0,0.47648327368146776,244.44618490316813
2023-10-23,30.341450888467694,0,0.960720707088307,235.8691917607742
2023-10-24,39.79772873189469,0,0.9010413547153276,286.2563149107272
2023-10-25,34.086622290353304,0,0.9934253230518341,254.9440156808348
2023-10-26,28.558401876039916,0,0.88355219585502,222.14706002858827
2023-10-27,26.526737089306057,0,0.9968220638072995,216.9993163040056
2023-10-28,27.29288708776498,0,0.9335839997607254,226.15289287531084
2023-10-29,28.68936592576762,0,0.42693425465078827,216.0146182761443
2023-10-30,27.410220598893336,0,0.8331909790591571,218.85397146169512
2023-10-31,27.798505360769585,0,0.9763855516609288,226.42251920077558
2023-11-01,29.276427530407705,0,0.8854979375841231,232.26964879406268
2023-11-02,27.60060392942132,0,0.8324466811564959,224.7462623378421
2023-11-03,38.451481369396376,0,0.8025215039951519,277.07564586266017
2023-11-04,26.203506184924635,0,0.9119511367276766,215.5963021684629
2023-11-05,32.86767084355382,0,0.4054799244245353,232.0236751014256
2023-11-06,31.155952404844925,0,0.9438707244738317,240.00494417173158
2023-11-07,39.735679253629094,0,0.9780516106035604,284.0633922022573
2023-11-08,26.680583532520785,0,0.815881316928606,213.6725571006831
2023-11-09,30.967833985686124,0,0.9462992980680724,237.5316328383101
2023-11-10,39.54205649913053,0,0.8374823888195164,279.87029456096417
2023-11-11,37.982606888409705,0,0.9716354106314328,274.56144127544104
2023-11-12,37.2560810642392,0,0.4638127027723312,258.62289766389114
2023-11-13,28.8685424056741,0,0.9081587509971089,227.09748631806318
2023-11-14,27.563313810850985,0,0.9420485597246623,223.263918142584
2023-11-15,35.02964829886646,0,0.8628700226367497,255.04136296767285
2023-11-16,38.94063983691379,0,0.8942335797865629,280.04150594522457
2023-11-17,33.351443395208946,1,0.9643273795420944,295.40086078972655
2023-11-18,33.574190342048496,0,0.8918530394346428,246.01387604098457
2023-11-19,29.199686404904263,0,0.37155965306508837,214.75895348959045
2023-11-20,36.54239399787905,0,0.89884248945006,261.4849656608007
2023-11-21,27.80565622836285,1,0.9656498504874437,263.7583243551071
2023-11-22,29.855188546063655,0,0.8670416094741746,232.83063134858884
2023-11-23,31.38154657924625,0,0.8347523186271488,235.25129588696512
2023-11-24,32.614155680266826,0,0.9424028040661562,245.44243792755876
2023-11-25,28.636145986226204,0,0.9651956425416164,226.6715196811817
2023-11-26,26.722552371088053,1,0.32012749570470667,244.99324076203715
2023-11-27,34.15930063662449,1,0.847974822551189,293.472046630686
2023-11-28,29.329458298603836,0,0.8283943979521988,227.42604712209163
2023-11-29,33.718573321339186,1,0.8695882823164334,292.21932161675716
2023-11-30,27.315440729113035,0,0.8900701957810826,219.82583014050786
2023-12-01,32.217101527822265,0,0.9497652673926613,245.67125368738522
2023-12-02,32.98884148827379,0,0.9302295169763348,254.72253333901818
2023-12-03,25.777353052336405,0,0.42418571349568623,206.45732064397794
2023-12-04,30.049064172908807,0,0.8704749893219309,230.19863905222778
2023-12-05,27.016220154084614,0,0.968289510616952,224.47429175866745
2023-12-06,25.950624557091515,0,0.8942574334796329,217.45362337450484
2023-12-07,39.84940348584918,0,0.9958209876030308,280.827871555894
2023-12-08,29.835307674620843,0,0.9268284276591474,236.9365204609233
2023-12-09,37.148116687819524,0,0.8252529483129006,271.6560795645939
2023-12-10,28.819609821456456,0,0.4352355124150868,213.94738053463493
2023-12-11,35.22254083335894,0,0.8650208030863398,256.04120761423866
2023-12-12,36.403417898345296,1,0.9372654393372195,309.3210262960185
2023-12-13,33.934581109117666,0,0.8139282296324812,252.14868099705376
2023-12-14,32.073642828252375,0,0.8349762874351919,244.58232158720978
2023-12-15,31.177613712209027,0,0.9711474517811572,243.05299976233374
2023-12-16,30.23302399814493,0,0.845435911404703,235.52650073899767
2023-12-17,38.94293716371739,0,0.46740822504858803,262.73188762712493
2023-12-18,37.45929111681593,0,0.8558552176908821,272.4429309228529
2023-12-19,39.47540365999769,0,0.9285763820117415,284.3051170955658
2023-12-20,26.864458352283172,1,0.9388301147019662,259.8319807263043
2023-12-21,35.963012128054665,0,0.9025309506290106,263.15530113094604
2023-12-22,39.07510685231557,0,0.8610621353393463,272.59374376693125
2023-12-23,27.718495992484904,0,0.8425288752742193,223.7547669138365
2023-12-24,25.997444010501663,0,0.30663787091248523,202.26985034836255
2023-12-25,36.116809739350884,0,0.8607892802481448,262.79384570408996
2023-12-26,33.61709669769868,0,0.9306325581062567,256.1009381812216
2023-12-27,37.62743165137408,1,0.9876609636896965,312.4009643258982
2023-12-28,27.096585649394342,0,0.9742408964526104,224.2134513060889
2023-12-29,36.92900967789835,0,0.9532129553070605,266.13057732051226
2023-12-30,28.024409800716167,0,0.9576894686506597,226.48874730708135
2023-12-31,27.454839142985566,0,0.43299698069519904,210.18508963000218
